<?xml version="1.0" encoding="UTF-8"?>
<Library>
    <Book>
        <Title>Introduction to Algorithms</Title>
        <Author>Thomas H. Cormen</Author>
        <ISBN>9780262033848</ISBN>
        <Price>750</Price>
    </Book>
    <Book>
        <Title>Clean Code</Title>
        <Author>Robert C. Martin</Author>
        <ISBN>9780132350884</ISBN>
        <Price>550</Price>
    </Book>
    <Book>
        <Title>Programming in ANSI C</Title>
        <Author>E. Balagurusamy</Author>
        <ISBN>9780070681880</ISBN>
        <Price>400</Price>
    </Book>
    <Book>
        <Title>Database System Concepts</Title>
        <Author>Abraham Silberschatz</Author>
        <ISBN>9780078022159</ISBN>
        <Price>650</Price>
    </Book>
</Library>
