<?xml version="1.0" encoding="UTF-8"?>
<MovieInfo>
    <Movie>
        <MovieNo>1</MovieNo>
        <MovieTitle>Inception</MovieTitle>
        <ActorName>Leonardo DiCaprio</ActorName>
        <ReleaseYear>2010</ReleaseYear>
    </Movie>
    <Movie>
        <MovieNo>2</MovieNo>
        <MovieTitle>Sholay</MovieTitle>
        <ActorName>Amitabh Bachchan</ActorName>
        <ReleaseYear>1975</ReleaseYear>
    </Movie>
    <Movie>
        <MovieNo>3</MovieNo>
        <MovieTitle>Avengers: Endgame</MovieTitle>
        <ActorName>Robert Downey Jr.</ActorName>
        <ReleaseYear>2019</ReleaseYear>
    </Movie>
    <Movie>
        <MovieNo>4</MovieNo>
        <MovieTitle>Dangal</MovieTitle>
        <ActorName>Aamir Khan</ActorName>
        <ReleaseYear>2016</ReleaseYear>
    </Movie>
    <Movie>
        <MovieNo>5</MovieNo>
        <MovieTitle>Baahubali</MovieTitle>
        <ActorName>Prabhas</ActorName>
        <ReleaseYear>2015</ReleaseYear>
    </Movie>
</MovieInfo>
