<?xml version="1.0"?>
<Items>
    <Item>
        <ItemName>Apple</ItemName>
        <ItemPrice>Rs.15</ItemPrice>
        <Quantity>412</Quantity>
    </Item>
    <Item>
        <ItemName>Mango</ItemName>
        <ItemPrice>Rs.20 </ItemPrice>
        <Quantity>100</Quantity>
    </Item>
    <Item>
        <ItemName>Banaba</ItemName>
        <ItemPrice>Rs.25</ItemPrice>
        <Quantity>42</Quantity>
    </Item>
    <Item>
        <ItemName>Grapes</ItemName>
        <ItemPrice>Rs.20</ItemPrice>
        <Quantity>37</Quantity>
    </Item>
    <Item>
        <ItemName>Dragon Fruit</ItemName>
        <ItemPrice>Rs.35</ItemPrice>
        <Quantity>32</Quantity>
    </Item>
</Items>