<?xml version="1.0" encoding="UTF-8"?>
<MovieCDStore>
    <Classical>
        <MovieTitle>Mughal-E-Azam</MovieTitle>
        <ActorName>Dilip Kumar</ActorName>
        <ReleaseYear>1960</ReleaseYear>
    </Classical>
    
    <Classical>
        <MovieTitle>Guide</MovieTitle>
        <ActorName>Dev Anand</ActorName>
        <ReleaseYear>1965</ReleaseYear>
    </Classical>
    
    <Horror>
        <MovieTitle>The Conjuring</MovieTitle>
        <ActorName>Patrick Wilson</ActorName>
        <ReleaseYear>2013</ReleaseYear>
    </Horror>
    
    <Horror>
        <MovieTitle>Annabelle</MovieTitle>
        <ActorName>Annabelle Wallis</ActorName>
        <ReleaseYear>2014</ReleaseYear>
    </Horror>
    
    <Action>
        <MovieTitle>Die Hard</MovieTitle>
        <ActorName>Bruce Willis</ActorName>
        <ReleaseYear>1988</ReleaseYear>
    </Action>
    
    <Action>
        <MovieTitle>Mad Max: Fury Road</MovieTitle>
        <ActorName>Tom Hardy</ActorName>
        <ReleaseYear>2015</ReleaseYear>
    </Action>
</MovieCDStore>
